kebrahim@gmail.com,Kurt,Ebrahim,true
kelly.ebrahim@maine.edu,Kelly,Ebrahim,false
kara.ebrahim@gmail.com,Kara,Ebrahim,false
rogerjparks@gmail.com,Roger,Parks,false
emorriso@gmail.com,Erik,Morrison,false
tannergrover@gmail.com,Tanner,Grover,false
kyle.crossley@gmail.com,Kyle,Crossley,false
glenntweinberg@gmail.com,Glenn,Weinberg,false
matthew.greenberg@yahoo.com,Matt,Greenberg,false
ITMcConnell@gmail.com,Ian,McConnell,false
stevenbnovick@gmail.com,Steve,Novick,false